{
  "accuracy": 0.3333333333333333,
  "macro_f1": 0.2333333333333333,
  "per_class_f1": {
    "BACKGROUND": 0.0,
    "CONCLUSIONS": 0.5,
    "METHODS": 0.0,
    "OBJECTIVE": 0.0,
    "RESULTS": 0.6666666666666666
  },
  "n_examples": 6,
  "ece": 0.1810244360513243
}