{
  "accuracy": 0.1315,
  "macro_f1": 0.09532604947371602,
  "per_class_f1": {
    "BACKGROUND": 0.18739155581260844,
    "CONCLUSIONS": 0.2434782608695652,
    "METHODS": 0.04576043068640646,
    "OBJECTIVE": 0.0,
    "RESULTS": 0.0
  },
  "n_examples": 2000,
  "ece": 0.35545751953124993
}