{
  "accuracy": 0.133,
  "macro_f1": 0.09549068346406696,
  "per_class_f1": {
    "BACKGROUND": 0.19268292682926827,
    "CONCLUSIONS": 0.24371859296482415,
    "METHODS": 0.02789400278940028,
    "OBJECTIVE": 0.013157894736842106,
    "RESULTS": 0.0
  },
  "n_examples": 2000,
  "ece": 0.336023193359375
}